{"starty": -150, "type": "artist", "puzzle": [[0, 0, -9.999999999999998, 17.320508075688775, "#5c1022", 7], [-9.999999999999998, 17.320508075688775, 7.320508075688773, 27.320508075688778, "#5c1022", 7], [7.320508075688773, 27.320508075688778, 17.32050807568877, 10.000000000000004, "#5c1022", 7], [17.32050807568877, 10.000000000000004, 3.552713678800501e-15, -5.329070518200751e-15, "#5c1022", 7], [3.552713678800501e-15, -5.329070518200751e-15, -10.000000000000005, 17.320508075688764, "#5c1022", 7], [-10.000000000000005, 17.320508075688764, -20.000000000000014, 34.64101615137753, "#24cf02", 7], [-20.000000000000014, 34.64101615137753, -2.679491924311236, 44.64101615137752, "#24cf02", 7], [-2.679491924311236, 44.64101615137752, 7.32050807568876, 27.320508075688743, "#24cf02", 7], [7.32050807568876, 27.320508075688743, -10.000000000000014, 17.320508075688746, "#24cf02", 7], [-10.000000000000014, 17.320508075688746, -20.000000000000014, 34.64101615137752, "#24cf02", 7], [-20.000000000000014, 34.64101615137752, -30.000000000000014, 51.96152422706629, "#5589d4", 7], [-30.000000000000014, 51.96152422706629, -12.67949192431124, 61.96152422706629, "#5589d4", 7], [-12.67949192431124, 61.96152422706629, -2.6794919243112396, 44.64101615137752, "#5589d4", 7], [-2.6794919243112396, 44.64101615137752, -19.999999999999993, 34.641016151377485, "#5589d4", 7], [-19.999999999999993, 34.641016151377485, -29.999999999999993, 51.961524227066256, "#5589d4", 7], [-29.999999999999993, 51.961524227066256, -39.99999999999999, 69.28203230275503, "#81964f", 7], [-39.99999999999999, 69.28203230275503, -22.67949192431124, 79.28203230275506, "#81964f", 7], [-22.67949192431124, 79.28203230275506, -12.679491924311236, 61.961524227066285, "#81964f", 7], [-12.679491924311236, 61.961524227066285, -29.99999999999999, 51.96152422706625, "#81964f", 7], [-29.99999999999999, 51.96152422706625, -40.0, 69.28203230275503, "#81964f", 7], [-40.0, 69.28203230275503, -50.00000000000001, 86.60254037844379, "#d3641d", 7], [-50.00000000000001, 86.60254037844379, -32.67949192431125, 96.60254037844383, "#d3641d", 7], [-32.67949192431125, 96.60254037844383, -22.679491924311243, 79.28203230275507, "#d3641d", 7], [-22.679491924311243, 79.28203230275507, -40.00000000000003, 69.28203230275508, "#d3641d", 7], [-40.00000000000003, 69.28203230275508, -50.00000000000004, 86.60254037844385, "#d3641d", 7], [-50.00000000000004, 86.60254037844385, -60.00000000000006, 103.92304845413261, "#3fa100", 7], [-60.00000000000006, 103.92304845413261, -42.67949192431131, 113.92304845413265, "#3fa100", 7], [-42.67949192431131, 113.92304845413265, -32.67949192431129, 96.60254037844389, "#3fa100", 7], [-32.67949192431129, 96.60254037844389, -50.00000000000007, 86.6025403784439, "#3fa100", 7], [-50.00000000000007, 86.6025403784439, -60.00000000000003, 103.9230484541327, "#3fa100", 7], [-60.00000000000003, 103.9230484541327, -69.99999999999999, 121.24355652982149, "#3f9d14", 7], [-69.99999999999999, 121.24355652982149, -52.679491924311236, 131.24355652982155, "#3f9d14", 7], [-52.679491924311236, 131.24355652982155, -42.67949192431122, 113.92304845413278, "#3f9d14", 7], [-42.67949192431122, 113.92304845413278, -60.0, 103.9230484541328, "#3f9d14", 7], [-60.0, 103.9230484541328, -69.99999999999996, 121.24355652982159, "#3f9d14", 7], [-69.99999999999996, 121.24355652982159, -79.99999999999991, 138.5640646055104, "#279c5b", 7], [-79.99999999999991, 138.5640646055104, -62.67949192431117, 148.56406460551045, "#279c5b", 7], [-62.67949192431117, 148.56406460551045, -52.67949192431115, 131.2435565298217, "#279c5b", 7], [-52.67949192431115, 131.2435565298217, -69.99999999999993, 121.2435565298217, "#279c5b", 7], [-69.99999999999993, 121.2435565298217, -79.99999999999989, 138.5640646055105, "#279c5b", 7], [-79.99999999999989, 138.5640646055105, -89.99999999999984, 155.8845726811993, "#e42630", 7], [-89.99999999999984, 155.8845726811993, -72.6794919243111, 165.88457268119936, "#e42630", 7], [-72.6794919243111, 165.88457268119936, -62.679491924311066, 148.5640646055106, "#e42630", 7], [-62.679491924311066, 148.5640646055106, -79.99999999999984, 138.5640646055106, "#e42630", 7], [-79.99999999999984, 138.5640646055106, -89.99999999999982, 155.8845726811994, "#e42630", 7], [-89.99999999999982, 155.8845726811994, -99.99999999999979, 173.20508075688818, "#89d395", 7], [-99.99999999999979, 173.20508075688818, -82.67949192431105, 183.20508075688824, "#89d395", 7], [-82.67949192431105, 183.20508075688824, -72.67949192431102, 165.88457268119947, "#89d395", 7], [-72.67949192431102, 165.88457268119947, -89.9999999999998, 155.88457268119947, "#89d395", 7], [-89.9999999999998, 155.88457268119947, -99.99999999999977, 173.20508075688826, "#89d395", 7], [-99.99999999999977, 173.20508075688826, -84.67911113762021, 186.06083295061904, "#ab1647", 7], [-84.67911113762021, 186.06083295061904, -71.82335894388945, 170.73994408823947, "#ab1647", 7], [-71.82335894388945, 170.73994408823947, -87.14424780626896, 157.88419189450863, "#ab1647", 7], [-87.14424780626896, 157.88419189450863, -99.99999999999967, 173.20508075688826, "#ab1647", 7], [-99.99999999999967, 173.20508075688826, -84.67911113762011, 186.06083295061904, "#ab1647", 7], [-84.67911113762011, 186.06083295061904, -69.35822227524055, 198.91658514434982, "#6d21eb", 7], [-69.35822227524055, 198.91658514434982, -56.50247008150968, 183.59569628197033, "#6d21eb", 7], [-56.50247008150968, 183.59569628197033, -71.82335894388927, 170.7399440882396, "#6d21eb", 7], [-71.82335894388927, 170.7399440882396, -84.6791111376201, 186.06083295061916, "#6d21eb", 7], [-84.6791111376201, 186.06083295061916, -69.35822227524064, 198.91658514435005, "#6d21eb", 7], [-69.35822227524064, 198.91658514435005, -54.03733341286117, 211.77233733808094, "#492f26", 7], [-54.03733341286117, 211.77233733808094, -41.18158121913041, 196.45144847570137, "#492f26", 7], [-41.18158121913041, 196.45144847570137, -56.50247008150991, 183.59569628197053, "#492f26", 7], [-56.50247008150991, 183.59569628197053, -69.35822227524062, 198.91658514435017, "#492f26", 7], [-69.35822227524062, 198.91658514435017, -54.037333412861074, 211.77233733808097, "#492f26", 7], [-54.037333412861074, 211.77233733808097, -38.716444550481526, 224.62808953181178, "#9c3a3c", 7], [-38.716444550481526, 224.62808953181178, -25.860692356750647, 209.3072006694323, "#9c3a3c", 7], [-25.860692356750647, 209.3072006694323, -41.181581219130244, 196.45144847570154, "#9c3a3c", 7], [-41.181581219130244, 196.45144847570154, -54.037333412861074, 211.77233733808106, "#9c3a3c", 7], [-54.037333412861074, 211.77233733808106, -38.71644455048161, 224.62808953181198, "#9c3a3c", 7], [-38.71644455048161, 224.62808953181198, -23.395555688102153, 237.4838417255429, "#0a46f1", 7], [-23.395555688102153, 237.4838417255429, -10.539803494371379, 222.16295286316333, "#0a46f1", 7], [-10.539803494371379, 222.16295286316333, -25.86069235675088, 209.30720066943246, "#0a46f1", 7], [-25.86069235675088, 209.30720066943246, -38.716444550481604, 224.62808953181207, "#0a46f1", 7], [-38.716444550481604, 224.62808953181207, -23.395555688102057, 237.48384172554287, "#0a46f1", 7], [-23.395555688102057, 237.48384172554287, -8.07466682572251, 250.33959391927368, "#f25e41", 7], [-8.07466682572251, 250.33959391927368, 4.781085368008377, 235.0187050568942, "#f25e41", 7], [4.781085368008377, 235.0187050568942, -10.539803494371213, 222.16295286316344, "#f25e41", 7], [-10.539803494371213, 222.16295286316344, -23.395555688102046, 237.48384172554296, "#f25e41", 7], [-23.395555688102046, 237.48384172554296, -8.074666825722595, 250.33959391927388, "#f25e41", 7], [-8.074666825722595, 250.33959391927388, 7.246222036656857, 263.1953461130048, "#42c4f6", 7], [7.246222036656857, 263.1953461130048, 20.101974230387636, 247.87445725062523, "#42c4f6", 7], [20.101974230387636, 247.87445725062523, 4.78108536800814, 235.01870505689436, "#42c4f6", 7], [4.78108536800814, 235.01870505689436, -8.07466682572259, 250.33959391927397, "#42c4f6", 7], 