{"start_direction": -30, "starty": -150, "startx": -50, "uid": "s1level42", "puzzle": [[-50, -150, -60.0, -132.67949192431124, "#137e37", "7"], [-60.0, -132.67949192431124, -42.67949192431123, -122.67949192431124, "#137e37", "7"], [-42.67949192431123, -122.67949192431124, -32.67949192431123, -140.0, "#137e37", "7"], [-32.67949192431123, -140.0, -50.0, -150.0, "#137e37", "7"], [-50.0, -150.0, -60.00000000000001, -132.67949192431124, "#137e37", "7"], [-60.00000000000001, -132.67949192431124, -70.00000000000001, -115.35898384862247, "#7c0749", "7"], [-70.00000000000001, -115.35898384862247, -52.679491924311236, -105.35898384862247, "#7c0749", "7"], [-52.679491924311236, -105.35898384862247, -42.679491924311236, -122.67949192431125, "#7c0749", "7"], [-42.679491924311236, -122.67949192431125, -60.000000000000014, -132.67949192431124, "#7c0749", "7"], [-60.000000000000014, -132.67949192431124, -70.00000000000001, -115.35898384862246, "#7c0749", "7"], [-70.00000000000001, -115.35898384862246, -80.00000000000001, -98.03847577293368, "#57e38d", "7"], [-80.00000000000001, -98.03847577293368, -62.679491924311236, -88.03847577293368, "#57e38d", "7"], [-62.679491924311236, -88.03847577293368, -52.679491924311236, -105.35898384862244, "#57e38d", "7"], [-52.679491924311236, -105.35898384862244, -69.99999999999999, -115.35898384862247, "#57e38d", "7"], [-69.99999999999999, -115.35898384862247, -79.99999999999999, -98.03847577293371, "#57e38d", "7"], [-79.99999999999999, -98.03847577293371, -89.99999999999999, -80.71796769724494, "#ae2fd5", "7"], [-89.99999999999999, -80.71796769724494, -72.67949192431124, -70.71796769724492, "#ae2fd5", "7"], [-72.67949192431124, -70.71796769724492, -62.679491924311236, -88.03847577293368, "#ae2fd5", "7"], [-62.679491924311236, -88.03847577293368, -79.99999999999999, -98.03847577293371, "#ae2fd5", "7"], [-79.99999999999999, -98.03847577293371, -90.0, -80.71796769724494, "#ae2fd5", "7"], [-90.0, -80.71796769724494, -100.0, -63.39745962155617, "#483d1c", "7"], [-100.0, -63.39745962155617, -82.67949192431125, -53.39745962155614, "#483d1c", "7"], [-82.67949192431125, -53.39745962155614, -72.67949192431124, -70.7179676972449, "#483d1c", "7"], [-72.67949192431124, -70.7179676972449, -90.00000000000003, -80.71796769724489, "#483d1c", "7"], [-90.00000000000003, -80.71796769724489, -100.00000000000004, -63.39745962155612, "#483d1c", "7"], [-100.00000000000004, -63.39745962155612, -110.00000000000006, -46.07695154586736, "#743659", "7"], [-110.00000000000006, -46.07695154586736, -92.67949192431131, -36.07695154586732, "#743659", "7"], [-92.67949192431131, -36.07695154586732, -82.6794919243113, -53.39745962155608, "#743659", "7"], [-82.6794919243113, -53.39745962155608, -100.00000000000007, -63.39745962155607, "#743659", "7"], [-100.00000000000007, -63.39745962155607, -110.00000000000003, -46.07695154586727, "#743659", "7"], [-110.00000000000003, -46.07695154586727, -119.99999999999999, -28.756443470178468, "#b865fd", "7"], [-119.99999999999999, -28.756443470178468, -102.67949192431124, -18.75644347017842, "#b865fd", "7"], [-102.67949192431124, -18.75644347017842, -92.67949192431122, -36.07695154586719, "#b865fd", "7"], [-92.67949192431122, -36.07695154586719, -110.0, -46.076951545867175, "#b865fd", "7"], [-110.0, -46.076951545867175, -119.99999999999996, -28.75644347017838, "#b865fd", "7"], [-119.99999999999996, -28.75644347017838, -129.99999999999991, -11.435935394489583, "#1d368f", "7"], [-129.99999999999991, -11.435935394489583, -112.67949192431118, -1.4359353944895314, "#1d368f", "7"], [-112.67949192431118, -1.4359353944895314, -102.67949192431115, -18.75644347017829, "#1d368f", "7"], [-102.67949192431115, -18.75644347017829, -119.99999999999993, -28.756443470178283, "#1d368f", "7"], [-119.99999999999993, -28.756443470178283, -129.9999999999999, -11.43593539448949, "#1d368f", "7"], [-129.9999999999999, -11.43593539448949, -139.99999999999986, 5.884572681199302, "#70684a", "7"], [-139.99999999999986, 5.884572681199302, -122.67949192431112, 15.884572681199357, "#70684a", "7"], [-122.67949192431112, 15.884572681199357, -112.6794919243111, -1.4359353944894, "#70684a", "7"], [-112.6794919243111, -1.4359353944894, -129.9999999999999, -11.435935394489396, "#70684a", "7"], [-129.9999999999999, -11.435935394489396, -139.99999999999986, 5.884572681199396, "#70684a", "7"], [-139.99999999999986, 5.884572681199396, -149.99999999999983, 23.205080756888186, "#2282ff", "7"], [-149.99999999999983, 23.205080756888186, -132.6794919243111, 33.20508075688825, "#2282ff", "7"], [-132.6794919243111, 33.20508075688825, -122.67949192431107, 15.884572681199494, "#2282ff", "7"], [-122.67949192431107, 15.884572681199494, -139.99999999999983, 5.884572681199494, "#2282ff", "7"], [-139.99999999999983, 5.884572681199494, -149.9999999999998, 23.205080756888282, "#2282ff", "7"], [-149.9999999999998, 23.205080756888282, -134.67911113762023, 36.060832950619066, "#a9dd2b", "7"], [-134.67911113762023, 36.060832950619066, -121.82335894388947, 20.739944088239483, "#a9dd2b", "7"], [-121.82335894388947, 20.739944088239483, -137.144247806269, 7.884191894508643, "#a9dd2b", "7"], [-137.144247806269, 7.884191894508643, -149.9999999999997, 23.20508075688827, "#a9dd2b", "7"], [-149.9999999999997, 23.20508075688827, -134.67911113762014, 36.06083295061906, "#a9dd2b", "7"], [-134.67911113762014, 36.06083295061906, -119.35822227524058, 48.91658514434985, "#e7295f", "7"], [-119.35822227524058, 48.91658514434985, -106.5024700815097, 33.59569628197036, "#e7295f", "7"], [-106.5024700815097, 33.59569628197036, -121.8233589438893, 20.739944088239625, "#e7295f", "7"], [-121.8233589438893, 20.739944088239625, -134.6791111376201, 36.06083295061916, "#e7295f", "7"], [-134.6791111376201, 36.06083295061916, -119.35822227524065, 48.91658514435006, "#e7295f", "7"], [-119.35822227524065, 48.91658514435006, -104.03733341286119, 61.77233733808096, "#c984b4", "7"], [-104.03733341286119, 61.77233733808096, -91.18158121913042, 46.45144847570138, "#c984b4", "7"], [-91.18158121913042, 46.45144847570138, -106.50247008150993, 33.59569628197053, "#c984b4", "7"], [-106.50247008150993, 33.59569628197053, -119.35822227524064, 48.91658514435015, "#c984b4", "7"], [-119.35822227524064, 48.91658514435015, -104.03733341286109, 61.772337338080945, "#c984b4", "7"], [-104.03733341286109, 61.772337338080945, -88.71644455048154, 74.62808953181174, "#fa9703", "7"], [-88.71644455048154, 74.62808953181174, -75.86069235675066, 59.307200669432255, "#fa9703", "7"], [-75.86069235675066, 59.307200669432255, -91.18158121913025, 46.45144847570151, "#fa9703", "7"], [-91.18158121913025, 46.45144847570151, -104.03733341286107, 61.77233733808104, "#fa9703", "7"], [-104.03733341286107, 61.77233733808104, -88.71644455048161, 74.62808953181195, "#fa9703", "7"], [-88.71644455048161, 74.62808953181195, -73.39555568810215, 87.48384172554286, "#c6b830", "7"], [-73.39555568810215, 87.48384172554286, -60.53980349437138, 72.16295286316328, "#c6b830", "7"], [-60.53980349437138, 72.16295286316328, -75.86069235675087, 59.307200669432426, "#c6b830", "7"], [-75.86069235675087, 59.307200669432426, -88.7164445504816, 74.62808953181204, "#c6b830", "7"], [-88.7164445504816, 74.62808953181204, -73.39555568810205, 87.48384172554285, "#c6b830", "7"], [-73.39555568810205, 87.48384172554285, -58.0746668257225, 100.33959391927365, "#b5e365", "7"], [-58.0746668257225, 100.33959391927365, -45.218914631991616, 85.01870505689418, "#b5e365", "7"], [-45.218914631991616, 85.01870505689418, -60.539803494371206, 72.16295286316343, "#b5e365", "7"], [-60.539803494371206, 72.16295286316343, -73.39555568810204, 87.48384172554294, "#b5e365", "7"], [-73.39555568810204, 87.48384172554294, -58.07466682572259, 100.33959391927387, "#b5e365", "7"], [-58.07466682572259, 100.33959391927387, -42.75377796334314, 113.19534611300479, "#ac2f24", "7"], [-42.75377796334314, 113.19534611300479, -29.89802576961236, 97.87445725062523, "#ac2f24", "7"], [-29.89802576961236, 97.87445725062523, 