{"starty": -100, "start_direction": 0, "puzzle": [[-100, -100, -100.0, -80.0, "#6a7183", "7"], [-100.0, -80.0, -80.0, -80.0, "#6a7183", "7"], [-80.0, -80.0, -80.0, -100.0, "#6a7183", "7"], [-80.0, -100.0, -100.0, -100.0, "#6a7183", "7"], [-100.0, -100.0, -100.0, -80.0, "#6a7183", "7"], [-100.0, -80.0, -100.0, -60.0, "#7cbb42", "7"], [-100.0, -60.0, -80.0, -59.99999999999999, "#7cbb42", "7"], [-80.0, -59.99999999999999, -79.99999999999999, -80.0, "#7cbb42", "7"], [-79.99999999999999, -80.0, -99.99999999999999, -80.00000000000001, "#7cbb42", "7"], [-99.99999999999999, -80.00000000000001, -100.0, -60.000000000000014, "#7cbb42", "7"], [-100.0, -60.000000000000014, -100.00000000000001, -40.000000000000014, "#7817d6", "7"], [-100.00000000000001, -40.000000000000014, -80.00000000000001, -40.0, "#7817d6", "7"], [-80.00000000000001, -40.0, -80.0, -60.0, "#7817d6", "7"], [-80.0, -60.0, -100.0, -59.99999999999998, "#7817d6", "7"], [-100.0, -59.99999999999998, -100.00000000000001, -39.99999999999998, "#7817d6", "7"], [-100.00000000000001, -39.99999999999998, -100.00000000000003, -19.99999999999998, "#f2122f", "7"], [-100.00000000000003, -19.99999999999998, -80.00000000000003, -20.0, "#f2122f", "7"], [-80.00000000000003, -20.0, -80.00000000000001, -40.0, "#f2122f", "7"], [-80.00000000000001, -40.0, -100.00000000000001, -39.999999999999986, "#f2122f", "7"], [-100.00000000000001, -39.999999999999986, -100.00000000000003, -19.999999999999986, "#f2122f", "7"], [-100.00000000000003, -19.999999999999986, -100.00000000000004, 1.4210854715202004e-14, "#d9876c", "7"], [-100.00000000000004, 1.4210854715202004e-14, -80.00000000000004, -4.97286487298002e-16, "#d9876c", "7"], [-80.00000000000004, -4.97286487298002e-16, -80.00000000000001, -20.0, "#d9876c", "7"], [-80.00000000000001, -20.0, -100.00000000000001, -19.99999999999999, "#d9876c", "7"], [-100.00000000000001, -19.99999999999999, -100.00000000000004, 1.0658141036401503e-14, "#d9876c", "7"], [-100.00000000000004, 1.0658141036401503e-14, -100.00000000000007, 20.00000000000001, "#e3f38f", "7"], [-100.00000000000007, 20.00000000000001, -80.00000000000007, 20.0, "#e3f38f", "7"], [-80.00000000000007, 20.0, -80.00000000000011, 0.0, "#e3f38f", "7"], [-80.00000000000011, 0.0, -100.00000000000011, -6.369401316839413e-14, "#e3f38f", "7"], [-100.00000000000011, -6.369401316839413e-14, -100.00000000000014, 19.999999999999936, "#e3f38f", "7"], [-100.00000000000014, 19.999999999999936, -100.00000000000017, 39.999999999999936, "#89e833", "7"], [-100.00000000000017, 39.999999999999936, -80.00000000000017, 39.99999999999993, "#89e833", "7"], [-80.00000000000017, 39.99999999999993, -80.00000000000021, 19.99999999999993, "#89e833", "7"], [-80.00000000000021, 19.99999999999993, -100.00000000000021, 19.99999999999986, "#89e833", "7"], [-100.00000000000021, 19.99999999999986, -100.00000000000024, 39.99999999999986, "#89e833", "7"], [-100.00000000000024, 39.99999999999986, -100.00000000000027, 59.99999999999986, "#2569d2", "7"], [-100.00000000000027, 59.99999999999986, -80.00000000000027, 59.99999999999986, "#2569d2", "7"], [-80.00000000000027, 59.99999999999986, -80.0000000000003, 39.99999999999986, "#2569d2", "7"], [-80.0000000000003, 39.99999999999986, -100.0000000000003, 39.99999999999979, "#2569d2", "7"], [-100.0000000000003, 39.99999999999979, -100.00000000000034, 59.99999999999979, "#2569d2", "7"], [-100.00000000000034, 59.99999999999979, -100.00000000000038, 79.99999999999979, "#6bdc6c", "7"], [-100.00000000000038, 79.99999999999979, -80.00000000000038, 79.99999999999979, "#6bdc6c", "7"], [-80.00000000000038, 79.99999999999979, -80.00000000000041, 59.99999999999979, "#6bdc6c", "7"], [-80.00000000000041, 59.99999999999979, -100.00000000000041, 59.99999999999971, "#6bdc6c", "7"], [-100.00000000000041, 59.99999999999971, -100.00000000000045, 79.99999999999972, "#6bdc6c", "7"], [-100.00000000000045, 79.99999999999972, -100.0000000000005, 99.99999999999972, "#df0429", "7"], [-100.0000000000005, 99.99999999999972, -80.0000000000005, 99.99999999999973, "#df0429", "7"], [-80.0000000000005, 99.99999999999973, -80.00000000000053, 79.99999999999973, "#df0429", "7"], [-80.00000000000053, 79.99999999999973, -100.00000000000053, 79.99999999999964, "#df0429", "7"], [-100.00000000000053, 79.99999999999964, -100.00000000000057, 99.99999999999964, "#df0429", "7"], [-100.00000000000057, 99.99999999999964, -80.00000000000057, 99.9999999999998, "#ada801", "7"], [-80.00000000000057, 99.9999999999998, -80.00000000000058, 79.9999999999998, "#ada801", "7"], [-80.00000000000058, 79.9999999999998, -100.00000000000058, 79.99999999999972, "#ada801", "7"], [-100.00000000000058, 79.99999999999972, -100.0000000000005, 99.99999999999972, "#ada801", "7"], [-100.0000000000005, 99.99999999999972, -80.0000000000005, 99.99999999999973, "#ada801", "7"], [-80.0000000000005, 99.99999999999973, -60.0000000000005, 99.99999999999974, "#d5aa4e", "7"], [-60.0000000000005, 99.99999999999974, -60.00000000000037, 79.99999999999974, "#d5aa4e", "7"], [-60.00000000000037, 79.99999999999974, -80.00000000000037, 79.99999999999979, "#d5aa4e", "7"], [-80.00000000000037, 79.99999999999979, -80.00000000000043, 99.99999999999979, "#d5aa4e", "7"], [-80.00000000000043, 99.99999999999979, -60.000000000000426, 99.99999999999996, "#d5aa4e", "7"], [-60.000000000000426, 99.99999999999996, -40.000000000000426, 100.00000000000013, "#d2030c", "7"], [-40.000000000000426, 100.00000000000013, -40.00000000000043, 80.00000000000013, "#d2030c", "7"], [-40.00000000000043, 80.00000000000013, -60.00000000000043, 80.00000000000003, "#d2030c", "7"], [-60.00000000000043, 80.00000000000003, -60.000000000000355, 100.00000000000003, "#d2030c", "7"], [-60.000000000000355, 100.00000000000003, -40.000000000000355, 100.00000000000006, "#d2030c", "7"], [-40.000000000000355, 100.00000000000006, -20.000000000000355, 100.00000000000009, "#53f985", "7"], [-20.000000000000355, 100.00000000000009, -20.000000000000217, 80.00000000000009, "#53f985", "7"], [-20.000000000000217, 80.00000000000009, -40.00000000000021, 80.00000000000013, "#53f985", "7"], [-40.00000000000021, 80.00000000000013, -40.000000000000284, 100.00000000000013, "#53f985", "7"], [-40.000000000000284, 100.00000000000013, -20.000000000000284, 100.00000000000001, "#53f985", "7"], [-20.000000000000284, 100.00000000000001, -2.8421709430404007e-13, 99.9999999999999, "#e57be4", "7"], [-2.8421709430404007e-13, 99.9999999999999, -2.842418535295036e-13, 79.9999999999999, "#e57be4", "7"], [-2.842418535295036e-13, 79.9999999999999, -20.000000000000284, 79.99999999999979, "#e57be4", "7"], [-20.000000000000284, 79.99999999999979, -20.000000000000217, 99.99999999999979, "#e57be4", "7"], [-20.000000000000217, 99.99999999999979, -2.1671553440683056e-13, 99.99999999999983, "#e57be4", "7"], [-2.1671553440683056e-13, 99.99999999999983, 19.999999999999783, 99.99999999999987, "#96aa8d", "7"], [19.999999999999783, 99.99999999999987, 19.99999999999993, 79.99999999999987, "#96aa8d", "7"], [19.99999999999993, 79.99999999999987, -7.105427357601002e-14, 79.9999999999999, "#96aa8d", "7"], [-7.105427357601002e-14, 79.9999999999999, -1.4943166872144061e-13, 99.9999999999999, "#96aa8d", "7"], [-1.4943166872144061e-13, 99.9999999999999, 19.99999999999985, 99.9999999999998, "#96aa8d", "7"], [19.99999999999985, 99.9999999999998, 39.99999999999985, 99.9999999999997, "#6c618e", "7"], [39.99999999999985, 99.9999999999997, 39.99999999999986, 79.9999999999997, "#6c618e", "7"], [39.99999999999986, 79.9999999999997, 19.999999999999858, 79.99999999999959, "#6c618e", "7"], [19.999999999999858, 79.99999999999959, 19.99999999999992, 99.99999999999959, "#6c618e", "7"], [19.99999999999992, 99.99999999999959, 39.999999999999915, 99.99999999999963, "#6c618e", "7"], [39.999999999999915, 99.99999999999963, 59.999999999999915, 99.99999999999967, "#ed17e9", "7"], [59.999999999999915, 99.99999999999967, 60.00000000000007, 79.99999999999967, "#ed17e9", "7"], [60.00000000000007, 79.99999999999967, 