{"type": "artist", "puzzle": [[0, 0, 100.0, 6.123233995736766e-15, "red", "7"], [100.0, 6.123233995736766e-15, 100.00000000000001, -100.0, "red", "7"], [100.00000000000001, -100.0, 1.4210854715202004e-14, -100.00000000000001, "red", "7"], [1.4210854715202004e-14, -100.00000000000001, -1.028208126774506e-14, -1.4210854715202004e-14, "red", "7"]], "starty": 0, "uid": "s1level25", "startx": 0, "start_direction": 90}