{"startx": 0, "starty": 0, "uid": "s1level31", "puzzle": [[0, 0, 100.0, 6.123233995736766e-15, "#bb1606", "7"], [100.0, 6.123233995736766e-15, 0.0, 0.0, "#bb1606", "7"], [0.0, 0.0, 70.71067811865476, -70.71067811865474, "#fd640d", "7"], [70.71067811865476, -70.71067811865474, 0.0, 0.0, "#fd640d", "7"], [0.0, 0.0, 1.2246467991473532e-14, -100.0, "#503b49", "7"], [1.2246467991473532e-14, -100.0, 0.0, 0.0, "#503b49", "7"], [0.0, 0.0, -70.71067811865474, -70.71067811865477, "#de5157", "7"], [-70.71067811865474, -70.71067811865477, 0.0, 0.0, "#de5157", "7"], [0.0, 0.0, -100.0, -1.8369701987210297e-14, "#ce8f98", "7"], [-100.0, -1.8369701987210297e-14, 0.0, 0.0, "#ce8f98", "7"], [0.0, 0.0, -70.71067811865477, 70.71067811865474, "#bc063a", "7"], [-70.71067811865477, 70.71067811865474, 0.0, 0.0, "#bc063a", "7"], [0.0, 0.0, -2.4492935982947064e-14, 100.0, "#addf4c", "7"], [-2.4492935982947064e-14, 100.0, 0.0, 0.0, "#addf4c", "7"], [0.0, 0.0, 70.71067811865474, 70.71067811865477, "#de5a45", "7"], [70.71067811865474, 70.71067811865477, 0.0, 0.0, "#de5a45", "7"]], "start_direction": 90, "type": "artist"}