{"type": "artist", "starty": 0, "puzzle": [[0, 0, 100.0, 6.123233995736766e-15, "black", "7"], [100.0, 6.123233995736766e-15, 49.999999999999986, -86.60254037844386, "black", "7"], [49.999999999999986, -86.60254037844386, -5.684341886080802e-14, -2.842170943040401e-14, "black", "7"], [-5.684341886080802e-14, -2.842170943040401e-14, 99.99999999999994, 2.1944605482798238e-15, "black", "7"], [99.99999999999994, 2.1944605482798238e-15, 99.99999999999999, -100.0, "black", "7"], [99.99999999999999, -100.0, -1.4210854715202004e-14, -100.00000000000004, "black", "7"], [-1.4210854715202004e-14, -100.00000000000004, -6.319672668109614e-14, -4.263256414560601e-14, "black", "7"]], "startx": 0, "uid": "s1level28", "start_direction": 90}