{"type": "artist", "puzzle": [[0, 0, 100.0, 6.123233995736766e-15, "green", "7"], [100.0, 6.123233995736766e-15, 100.00000000000001, -100.0, "green", "7"], [100.00000000000001, -100.0, 1.4210854715202004e-14, -100.00000000000001, "green", "7"], [1.4210854715202004e-14, -100.00000000000001, -1.028208126774506e-14, -1.4210854715202004e-14, "green", "7"], [-1.028208126774506e-14, -1.4210854715202004e-14, -150.0, -7.850481167043804e-14, "green", "7"], [-150.0, -7.850481167043804e-14, -149.99999999999997, -100.00000000000009, "green", "7"], [-149.99999999999997, -100.00000000000009, -49.99999999999997, -100.00000000000006, "green", "7"], [-49.99999999999997, -100.00000000000006, -49.99999999999999, -5.684341886080802e-14, "green", "7"], [-49.99999999999999, -5.684341886080802e-14, -150.0, -7.521312084801831e-14, "green", "7"]], "start_direction": 0, "uid": "s1level30", "startx": 0, "starty": 0}