{"start_direction": 90, "type": "artist", "puzzle": [[0, 0, 100.0, 6.123233995736766e-15, "#a91811", "7"], [100.0, 6.123233995736766e-15, 49.999999999999986, -86.60254037844386, "#798a29", "7"], [49.999999999999986, -86.60254037844386, -5.684341886080802e-14, -2.842170943040401e-14, "#214189", "7"]], "uid": "s1level27", "startx": 0, "starty": 0}