{"start_direction": 90, "uid": "s1level29", "puzzle": [[0, 0, 100.0, 6.123233995736766e-15, "black", "7"], [100.0, 6.123233995736766e-15, 49.999999999999986, -86.60254037844386, "black", "7"], [49.999999999999986, -86.60254037844386, -5.684341886080802e-14, -2.842170943040401e-14, "black", "7"], [-5.684341886080802e-14, -2.842170943040401e-14, -8.133635484375508e-14, 99.99999999999997, "black", "7"], [-8.133635484375508e-14, 99.99999999999997, -100.00000000000009, 99.99999999999996, "black", "7"], [-100.00000000000009, 99.99999999999996, -100.00000000000007, -4.263256414560601e-14, "black", "7"], [-100.00000000000007, -4.263256414560601e-14, -7.105427357601002e-14, -3.650933014986925e-14, "black", "7"]], "type": "artist", "startx": 0, "starty": 0}