{"start_direction": 90, "startx": 0, "uid": "s1level24", "puzzle": [[0, 0, 100.0, 6.123233995736766e-15, "black", "7"], [100.0, 6.123233995736766e-15, 100.00000000000001, -100.0, "black", "7"]], "starty": 0, "type": "artist"}