{"lastx": -86.60254037844393, "direction": 900, "pen": {"width": 7, "color": "#62a5d2"}, "starty": 0, "startx": 0, "lines": [[0, 0, 100.0, 6.123233995736766e-15, "#3a66d6", 7], [100.0, 6.123233995736766e-15, 49.999999999999986, -86.60254037844386, "#3a66d6", 7], [49.999999999999986, -86.60254037844386, -5.684341886080802e-14, -2.842170943040401e-14, "#3a66d6", 7], [-5.684341886080802e-14, -2.842170943040401e-14, -2.010401488638742e-14, -100.00000000000003, "#62a5d2", 7], [-2.010401488638742e-14, -100.00000000000003, -86.60254037844393, -50.000000000000114, "#62a5d2", 7], [-86.60254037844393, -50.000000000000114, -5.684341886080802e-14, -1.2079226507921703e-13, "#62a5d2", 7]], "lasty": -50.000000000000114, "type": "artist", "x": -5.684341886080802e-14, "start-direction": 90, "y": -1.2079226507921703e-13}