{"lasty": 179.99999999999963, "starty": -100, "y": 199.99999999999963, "start-direction": 0, "x": -6.032092058587723e-13, "startx": 0, "type": "artist", "pen": {"width": 7, "color": "#a77ed3"}, "lines": [[0, 0, 0.0, 20.0, "#5ed15e", 7], [0.0, 20.0, 20.0, 20.0, "#5ed15e", 7], [20.0, 20.0, 20.000000000000004, 0.0, "#5ed15e", 7], [20.000000000000004, 0.0, 3.552713678800501e-15, -3.673940397442059e-15, "#5ed15e", 7], [3.552713678800501e-15, -3.673940397442059e-15, -1.345873517788912e-15, 19.999999999999996, "#5ed15e", 7], [-1.345873517788912e-15, 19.999999999999996, -6.244460714378325e-15, 40.0, "#dead4d", 7], [-6.244460714378325e-15, 40.0, 19.999999999999993, 40.00000000000001, "#dead4d", 7], [19.999999999999993, 40.00000000000001, 20.0, 20.000000000000007, "#dead4d", 7], [20.0, 20.000000000000007, 0.0, 20.0, "#dead4d", 7], [0.0, 20.0, -9.797174393178826e-15, 40.0, "#dead4d", 7], [-9.797174393178826e-15, 40.0, -1.9594348786357652e-14, 60.0, "#7d43f6", 7], [-1.9594348786357652e-14, 60.0, 19.99999999999998, 60.000000000000014, "#7d43f6", 7], [19.99999999999998, 60.000000000000014, 19.99999999999999, 40.000000000000014, "#7d43f6", 7], [19.99999999999999, 40.000000000000014, -1.0658141036401503e-14, 40.000000000000036, "#7d43f6", 7], [-1.0658141036401503e-14, 40.000000000000036, -2.535390262616974e-14, 60.000000000000036, "#7d43f6", 7], [-2.535390262616974e-14, 60.000000000000036, -4.0049664215937976e-14, 80.00000000000003, "#9e05b1", 7], [-4.0049664215937976e-14, 80.00000000000003, 19.99999999999996, 80.00000000000001, "#9e05b1", 7], [19.99999999999996, 80.00000000000001, 19.99999999999998, 60.000000000000014, "#9e05b1", 7], [19.99999999999998, 60.000000000000014, -2.1316282072803006e-14, 60.00000000000003, "#9e05b1", 7], [-2.1316282072803006e-14, 60.00000000000003, -4.0910630859160655e-14, 80.00000000000003, "#9e05b1", 7], [-4.0910630859160655e-14, 80.00000000000003, -6.05049796455183e-14, 100.00000000000003, "#cd44b2", 7], [-6.05049796455183e-14, 100.00000000000003, 19.99999999999994, 100.00000000000001, "#cd44b2", 7], [19.99999999999994, 100.00000000000001, 19.99999999999996, 80.00000000000001, "#cd44b2", 7], [19.99999999999996, 80.00000000000001, -3.907985046680551e-14, 80.00000000000003, "#cd44b2", 7], [-3.907985046680551e-14, 80.00000000000003, -6.357278644975258e-14, 100.00000000000003, "#cd44b2", 7], [-6.357278644975258e-14, 100.00000000000003, -8.806572243269965e-14, 120.00000000000003, "#7205ae", 7], [-8.806572243269965e-14, 120.00000000000003, 19.99999999999991, 120.00000000000001, "#7205ae", 7], [19.99999999999991, 120.00000000000001, 19.99999999999987, 100.00000000000001, "#7205ae", 7], [19.99999999999987, 100.00000000000001, -1.3145040611561853e-13, 99.99999999999996, "#7205ae", 7], [-1.3145040611561853e-13, 99.99999999999996, -1.6084192929515502e-13, 119.99999999999996, "#7205ae", 7], [-1.6084192929515502e-13, 119.99999999999996, -1.902334524746915e-13, 139.99999999999994, "#ec24db", 7], [-1.902334524746915e-13, 139.99999999999994, 19.999999999999808, 139.99999999999994, "#ec24db", 7], [19.999999999999808, 139.99999999999994, 19.99999999999977, 119.99999999999994, "#ec24db", 7], [19.99999999999977, 119.99999999999994, -2.3092638912203256e-13, 119.99999999999987, "#ec24db", 7], [-2.3092638912203256e-13, 119.99999999999987, -2.6521649949815845e-13, 139.9999999999999, "#ec24db", 7], [-2.6521649949815845e-13, 139.9999999999999, -2.9950660987428434e-13, 159.9999999999999, "#745a11", 7], [-2.9950660987428434e-13, 159.9999999999999, 19.9999999999997, 159.9999999999999, "#745a11", 7], [19.9999999999997, 159.9999999999999, 19.999999999999666, 139.9999999999999, "#745a11", 7], [19.999999999999666, 139.9999999999999, -3.339550858072471e-13, 139.9999999999998, "#745a11", 7], [-3.339550858072471e-13, 139.9999999999998, -3.731437833799624e-13, 159.9999999999998, "#745a11", 7], [-3.731437833799624e-13, 159.9999999999998, -4.123324809526777e-13, 179.9999999999998, "#b63c21", 7], [-4.123324809526777e-13, 179.9999999999998, 19.999999999999588, 179.9999999999998, "#b63c21", 7], [19.999999999999588, 179.9999999999998, 19.99999999999956, 159.9999999999998, "#b63c21", 7], [19.99999999999956, 159.9999999999998, -4.405364961712621e-13, 159.99999999999972, "#b63c21", 7], [-4.405364961712621e-13, 159.99999999999972, -4.846237809405669e-13, 179.99999999999972, "#b63c21", 7], [-4.846237809405669e-13, 179.99999999999972, -5.287110657098716e-13, 199.99999999999972, "#a77ed3", 7], [-5.287110657098716e-13, 199.99999999999972, 19.99999999999947, 199.99999999999972, "#a77ed3", 7], [19.99999999999947, 199.99999999999972, 19.999999999999446, 179.99999999999972, "#a77ed3", 7], [19.999999999999446, 179.99999999999972, -5.542233338928781e-13, 179.99999999999963, "#a77ed3", 7], [-5.542233338928781e-13, 179.99999999999963, -6.032092058587723e-13, 199.99999999999963, "#a77ed3", 7]], "lastx": -5.542233338928781e-13, "direction": 3600}
