{"lines": [[0, 0, 0.0, 20.0, "black", 7], [0.0, 20.0, 20.0, 20.0, "black", 7], [20.0, 20.0, 20.000000000000004, 0.0, "black", 7], [20.000000000000004, 0.0, 3.552713678800501e-15, -3.673940397442059e-15, "black", 7]], "x": 3.552713678800501e-15, "direction": 360, "startx": 0, "pen": {"color": "black", "width": 7}, "lasty": 0.0, "type": "artist", "y": -3.673940397442059e-15, "lastx": 20.000000000000004, "start-direction": 0, "starty": 0}