{"start-direction": 90, "y": 5.101696842757519e-12, "startx": 0, "lasty": -76.60444431189171, "starty": 0, "pen": {"width": 7, "color": "#f94980"}, "x": -1.0658141036401503e-12, "lastx": 64.27876096865404, "type": "artist", "direction": 13410, "lines": [[0, 0, 100.0, 6.123233995736766e-15, "#3319cf", 7], [100.0, 6.123233995736766e-15, 49.999999999999986, -86.60254037844386, "#3319cf", 7], [49.999999999999986, -86.60254037844386, -5.684341886080802e-14, -2.842170943040401e-14, "#3319cf", 7], [-5.684341886080802e-14, -2.842170943040401e-14, 98.48077530122076, -17.364817766693015, "#09428c", 7], [98.48077530122076, -17.364817766693015, 34.202014332566776, -93.96926207859079, "#09428c", 7], [34.202014332566776, -93.96926207859079, -1.0658141036401503e-13, 4.263256414560601e-14, "#09428c", 7], [-1.0658141036401503e-13, 4.263256414560601e-14, 93.96926207859076, -34.20201433256674, "#34875e", 7], [93.96926207859076, -34.20201433256674, 17.36481776669305, -98.4807753012208, "#34875e", 7], [17.36481776669305, -98.4807753012208, -3.552713678800501e-14, 0.0, "#34875e", 7], [-3.552713678800501e-14, 0.0, 86.60254037844382, -50.000000000000036, "#527636", 7], [86.60254037844382, -50.000000000000036, 5.684341886080802e-14, -100.00000000000021, "#527636", 7], [5.684341886080802e-14, -100.00000000000021, -4.112832507098024e-14, -2.1316282072803006e-13, "#527636", 7], [-4.112832507098024e-14, -2.1316282072803006e-13, 76.60444431189777, -64.27876096865414, "#e22ebc", 7], [76.60444431189777, -64.27876096865414, -17.364817766693108, -98.48077530122092, "#e22ebc", 7], [-17.364817766693108, -98.48077530122092, -2.1316282072803006e-13, -8.526512829121202e-14, "#e22ebc", 7], [-2.1316282072803006e-13, -8.526512829121202e-14, 64.27876096865404, -76.60444431189764, "#f164af", 7], [64.27876096865404, -76.60444431189764, -34.202014332566776, -93.96926207859062, "#f164af", 7], [-34.202014332566776, -93.96926207859062, -7.815970093361102e-14, 2.8421709430404007e-13, "#f164af", 7], [-7.815970093361102e-14, 2.8421709430404007e-13, 50.00000000000001, -86.60254037844354, "#3dc292", 7], [50.00000000000001, -86.60254037844354, -49.99999999999999, -86.60254037844388, "#3dc292", 7], [-49.99999999999999, -86.60254037844388, 1.2079226507921703e-13, -7.105427357601002e-14, "#3dc292", 7], [1.2079226507921703e-13, -7.105427357601002e-14, 34.20201433256679, -93.96926207859099, "#e92eb5", 7], [34.20201433256679, -93.96926207859099, -64.27876096865403, -76.60444431189799, "#e92eb5", 7], [-64.27876096865403, -76.60444431189799, -2.984279490192421e-13, -1.4210854715202004e-14, "#e92eb5", 7], [-2.984279490192421e-13, -1.4210854715202004e-14, 17.36481776669292, -98.48077530122079, "#ace5be", 7], [17.36481776669292, -98.48077530122079, -76.60444431189806, -64.27876096865432, "#ace5be", 7], [-76.60444431189806, -64.27876096865432, -2.4158453015843406e-13, -4.263256414560601e-13, "#ace5be", 7], [-2.4158453015843406e-13, -4.263256414560601e-13, -3.6417300620048707e-13, -100.00000000000043, "#2d6224", 7], [-3.6417300620048707e-13, -100.00000000000043, -86.6025403784443, -50.00000000000053, "#2d6224", 7], [-86.6025403784443, -50.00000000000053, -6.252776074688882e-13, -2.1316282072803006e-13, "#2d6224", 7], [-6.252776074688882e-13, -2.1316282072803006e-13, -17.364817766693385, -98.48077530122107, "#6beb49", 7], [-17.364817766693385, -98.48077530122107, -93.96926207859153, -34.20201433256753, "#6beb49", 7], [-93.96926207859153, -34.20201433256753, -9.521272659185342e-13, 6.394884621840902e-14, "#6beb49", 7], [-9.521272659185342e-13, 6.394884621840902e-14, -34.202014332567856, -93.96926207859076, "#c70b76", 7], [-34.202014332567856, -93.96926207859076, -98.48077530122195, -17.364817766693093, "#c70b76", 7], [-98.48077530122195, -17.364817766693093, -1.2363443602225743e-12, 3.907985046680551e-13, "#c70b76", 7], [-1.2363443602225743e-12, 3.907985046680551e-13, -50.000000000001535, -86.60254037844331, "#b4a071", 7], [-50.000000000001535, -86.60254037844331, -100.00000000000145, 6.110667527536862e-13, "#b4a071", 7], [-100.00000000000145, 6.110667527536862e-13, -1.4495071809506044e-12, 7.579624705877097e-13, "#b4a071", 7], [-1.4495071809506044e-12, 7.579624705877097e-13, -64.2787609686548, -76.60444431189755, "#39174b", 7], [-64.2787609686548, -76.60444431189755, -98.48077530122129, 17.36481776669342, "#39174b", 7], [-98.48077530122129, 17.36481776669342, -5.115907697472721e-13, 2.2382096176443156e-13, "#39174b", 7], [-5.115907697472721e-13, 2.2382096176443156e-13, -76.60444431189802, -64.27876096865405, "#3eacb7", 7], [-76.60444431189802, -64.27876096865405, -93.96926207859175, 34.20201433256662, "#3eacb7", 7], [-93.96926207859175, 34.20201433256662, -1.0800249583553523e-12, -7.034373084024992e-13, "#3eacb7", 7], [-1.0800249583553523e-12, -7.034373084024992e-13, -86.60254037844487, -50.000000000000824, "#74b9b5", 7], [-86.60254037844487, -50.000000000000824, -86.60254037844527, 49.999999999999176, "#74b9b5", 7], [-86.60254037844527, 49.999999999999176, -1.0942358130705543e-12, -2.7711166694643907e-13, "#74b9b5", 7], [-1.0942358130705543e-12, -2.7711166694643907e-13, -93.969262078592, -34.202014332566996, "#82ac61", 7], [-93.969262078592, -34.202014332566996, -76.60444431189904, 64.27876096865384, "#82ac61", 7], [-76.60444431189904, 64.27876096865384, -1.0373923942097463e-12, 1.5631940186722204e-13, "#82ac61", 7], [-1.0373923942097463e-12, 1.5631940186722204e-13, -98.48077530122193, -17.364817766692415, "#3aa040", 7], [-98.48077530122193, -17.364817766692415, -64.27876096865484, 76.60444431189835, "#3aa040", 7], [-64.27876096865484, 76.60444431189835, -8.952838470577262e-13, 5.542233338928781e-13, "#3aa040", 7], [-8.952838470577262e-13, 5.542233338928781e-13, -100.0000000000009, -8.265489972740436e-14, "#631766", 7], [-100.0000000000009, -8.265489972740436e-14, -50.00000000000166, 86.60254037844422, "#631766", 7], [-50.00000000000166, 86.60254037844422, -1.9184653865522705e-12, 1.9895196601282805e-13, "#631766", 7], [-1.9184653865522705e-12, 1.9895196601282805e-13, -98.48077530122278, 17.364817766692912, "#daef25", 7], [-98.48077530122278, 17.364817766692912, -34.20201433256929, 93.96926207859107, "#daef25", 7], [-34.20201433256929, 93.96926207859107, -1.6484591469634324e-12, 5.115907697472721e-13, "#daef25", 7], [-1.6484591469634324e-12, 5.115907697472721e-13, -93.9692620785925, 34.20201433256737, "#0969e1", 7], [-93.9692620785925, 34.20201433256737, -17.364817766693946, 98.48077530122042, "#0969e1", 7], [-17.364817766693946, 98.48077530122042, -4.121147867408581e-13, -2.984279490192421e-13, "#0969e1", 7], [-4.121147867408581e-13, -2.984279490192421e-13, -86.60254037844413, 49.99999999999996, "#50eed7", 7], [-86.60254037844413, 49.99999999999996, -9.521272659185342e-13, 100.00000000000114, "#50eed7", 7], [-9.521272659185342e-13, 100.00000000000114, -7.563075741822755e-13, 1.1368683772161603e-12, "#50eed7", 7], [-7.563075741822755e-13, 1.1368683772161603e-12, -76.60444431189816, 64.27876096865553, "#405c6d", 7], [-76.60444431189816, 64.27876096865553, 17.364817766692312, 98.4807753012234, "#405c6d", 7], [17.364817766692312, 98.4807753012234, -8.348877145181177e-13, 2.6147972675971687e-12, "#405c6d", 7], [-8.348877145181177e-13, 2.6147972675971687e-12, -64.27876096865407, 76.604444311901, "#a917f0", 7], [-64.27876096865407, 76.604444311901, 34.202014332566606, 93.96926207859478, "#a917f0", 7], [34.202014332566606, 93.96926207859478, -6.679101716144942e-13, 4.078515303262975e-12, "#a917f0", 7], [-6.679101716144942e-13, 4.078515303262975e-12, -50.00000000000207, 86.60254037844715, "#bcad86", 7], [-50.00000000000207, 86.60254037844715, 49.99999999999793, 86.60254037844759, "#bcad86", 7], [49.99999999999793, 86.60254037844759, -2.7000623958883807e-12, 4.092726157978177e-12, "#bcad86", 7], [-2.7000623958883807e-12, 4.092726157978177e-12, -34.202014332570805, 93.96926207859448, "#4dba65", 7], [-34.202014332570805, 93.96926207859448, 64.27876096865003, 76.60444431190157, "#4dba65", 7], [64.27876096865003, 