{"pen": {"width": 7, "color": "#f5b523"}, "start-direction": 90, "x": -1.1368683772161603e-12, "starty": 0, "y": -3.268496584496461e-13, "lines": [[0, 0, 100.0, 6.123233995736766e-15, "#74e673", 7], [100.0, 6.123233995736766e-15, 49.999999999999986, -86.60254037844386, "#74e673", 7], [49.999999999999986, -86.60254037844386, -5.684341886080802e-14, -2.842170943040401e-14, "#74e673", 7], [-5.684341886080802e-14, -2.842170943040401e-14, 80.90169943749471, -58.77852522924732, "#1cb63a", 7], [80.90169943749471, -58.77852522924732, -10.45284632676534, -99.45218953682743, "#1cb63a", 7], [-10.45284632676534, -99.45218953682743, 1.7763568394002505e-14, -9.947598300641403e-14, "#1cb63a", 7], [1.7763568394002505e-14, -9.947598300641403e-14, 30.90169943749482, -95.10565162951544, "#97fc6c", 7], [30.90169943749482, -95.10565162951544, -66.91306063588578, -74.31448254773963, "#97fc6c", 7], [-66.91306063588578, -74.31448254773963, 2.842170943040401e-14, -1.9895196601282805e-13, "#97fc6c", 7], [2.842170943040401e-14, -1.9895196601282805e-13, -30.9016994374948, -95.10565162951553, "#e646d1", 7], [-30.9016994374948, -95.10565162951553, -97.81476007338074, -20.791169081776204, "#e646d1", 7], [-97.81476007338074, -20.791169081776204, -1.8474111129762605e-13, -2.2737367544323206e-13, "#e646d1", 7], [-1.8474111129762605e-13, -2.2737367544323206e-13, -80.90169943749497, -58.778525229247485, "#ef69a0", 7], [-80.90169943749497, -58.778525229247485, -91.3545457642605, 40.673664307579834, "#ef69a0", 7], [-91.3545457642605, 40.673664307579834, -5.115907697472721e-13, -4.476419235288631e-13, "#ef69a0", 7], [-5.115907697472721e-13, -4.476419235288631e-13, -100.00000000000051, -7.661119893708337e-13, "#2a57d2", 7], [-100.00000000000051, -7.661119893708337e-13, -50.00000000000039, 86.60254037844302, "#2a57d2", 7], [-50.00000000000039, 86.60254037844302, -3.055333763768431e-13, -7.958078640513122e-13, "#2a57d2", 7], [-3.055333763768431e-13, -7.958078640513122e-13, -80.90169943749504, 58.778525229246526, "#392dbc", 7], [-80.90169943749504, 58.778525229246526, 10.452846326764956, 99.45218953682676, "#392dbc", 7], [10.452846326764956, 99.45218953682676, -6.199485369506874e-13, -5.400124791776761e-13, "#392dbc", 7], [-6.199485369506874e-13, -5.400124791776761e-13, -30.901699437495715, 95.1056516295147, "#3c407d", 7], [-30.901699437495715, 95.1056516295147, 66.91306063588482, 74.31448254773866, "#3c407d", 7], [66.91306063588482, 74.31448254773866, -8.952838470577262e-13, -8.668621376273222e-13, "#3c407d", 7], [-8.952838470577262e-13, -8.668621376273222e-13, 30.901699437493804, 95.10565162951451, "#a646e5", 7], [30.901699437493804, 95.10565162951451, 97.81476007337984, 20.79116908177528, "#a646e5", 7], [97.81476007337984, 20.79116908177528, -7.531752999057062e-13, -4.831690603168681e-13, "#a646e5", 7], [-7.531752999057062e-13, -4.831690603168681e-13, 80.90169943749373, 58.77852522924717, "#f5b523", 7], [80.90169943749373, 58.77852522924717, 91.35454576425904, -40.67366430758016, "#f5b523", 7], [91.35454576425904, -40.67366430758016, -1.1368683772161603e-12, -3.268496584496461e-13, "#f5b523", 7]], "lasty": -40.67366430758016, "lastx": 91.35454576425904, "type": "artist", "direction": 4050, "startx": 0}