{"type": "artist", "starty": -100, "direction": 14760, "start-direction": 0, "lastx": 20.000000000000224, "y": -3.528510145297088e-12, "lines": [[0, 0, 0.0, 20.0, "#63e002", 7], [0.0, 20.0, 20.0, 20.0, "#63e002", 7], [20.0, 20.0, 20.000000000000004, 0.0, "#63e002", 7], [20.000000000000004, 0.0, 3.552713678800501e-15, -3.673940397442059e-15, "#63e002", 7], [3.552713678800501e-15, -3.673940397442059e-15, -1.345873517788912e-15, 19.999999999999996, "#63e002", 7], [-1.345873517788912e-15, 19.999999999999996, -6.244460714378325e-15, 40.0, "#53236b", 7], [-6.244460714378325e-15, 40.0, 19.999999999999993, 40.00000000000001, "#53236b", 7], [19.999999999999993, 40.00000000000001, 20.0, 20.000000000000007, "#53236b", 7], [20.0, 20.000000000000007, 0.0, 20.0, "#53236b", 7], [0.0, 20.0, -9.797174393178826e-15, 40.0, "#53236b", 7], [-9.797174393178826e-15, 40.0, -1.9594348786357652e-14, 60.0, "#e4296b", 7], [-1.9594348786357652e-14, 60.0, 19.99999999999998, 60.000000000000014, "#e4296b", 7], [19.99999999999998, 60.000000000000014, 19.99999999999999, 40.000000000000014, "#e4296b", 7], [19.99999999999999, 40.000000000000014, -1.0658141036401503e-14, 40.000000000000036, "#e4296b", 7], [-1.0658141036401503e-14, 40.000000000000036, -2.535390262616974e-14, 60.000000000000036, "#e4296b", 7], [-2.535390262616974e-14, 60.000000000000036, -4.0049664215937976e-14, 80.00000000000003, "#e4ed9e", 7], [-4.0049664215937976e-14, 80.00000000000003, 19.99999999999996, 80.00000000000001, "#e4ed9e", 7], [19.99999999999996, 80.00000000000001, 19.99999999999998, 60.000000000000014, "#e4ed9e", 7], [19.99999999999998, 60.000000000000014, -2.1316282072803006e-14, 60.00000000000003, "#e4ed9e", 7], [-2.1316282072803006e-14, 60.00000000000003, -4.0910630859160655e-14, 80.00000000000003, "#e4ed9e", 7], [-4.0910630859160655e-14, 80.00000000000003, -6.05049796455183e-14, 100.00000000000003, "#f0ccde", 7], [-6.05049796455183e-14, 100.00000000000003, 19.99999999999994, 100.00000000000001, "#f0ccde", 7], [19.99999999999994, 100.00000000000001, 19.99999999999996, 80.00000000000001, "#f0ccde", 7], [19.99999999999996, 80.00000000000001, -3.907985046680551e-14, 80.00000000000003, "#f0ccde", 7], [-3.907985046680551e-14, 80.00000000000003, -6.357278644975258e-14, 100.00000000000003, "#f0ccde", 7], [-6.357278644975258e-14, 100.00000000000003, -8.806572243269965e-14, 120.00000000000003, "#e2adf3", 7], [-8.806572243269965e-14, 120.00000000000003, 19.99999999999991, 120.00000000000001, "#e2adf3", 7], [19.99999999999991, 120.00000000000001, 19.99999999999987, 100.00000000000001, "#e2adf3", 7], [19.99999999999987, 100.00000000000001, -1.3145040611561853e-13, 99.99999999999996, "#e2adf3", 7], [-1.3145040611561853e-13, 99.99999999999996, -1.6084192929515502e-13, 119.99999999999996, "#e2adf3", 7], [-1.6084192929515502e-13, 119.99999999999996, -1.902334524746915e-13, 139.99999999999994, "#aaf96a", 7], [-1.902334524746915e-13, 139.99999999999994, 19.999999999999808, 139.99999999999994, "#aaf96a", 7], [19.999999999999808, 139.99999999999994, 19.99999999999977, 119.99999999999994, "#aaf96a", 7], [19.99999999999977, 119.99999999999994, -2.3092638912203256e-13, 119.99999999999987, "#aaf96a", 7], [-2.3092638912203256e-13, 119.99999999999987, -2.6521649949815845e-13, 139.9999999999999, "#aaf96a", 7], [-2.6521649949815845e-13, 139.9999999999999, -2.9950660987428434e-13, 159.9999999999999, "#b6e5ff", 7], [-2.9950660987428434e-13, 159.9999999999999, 19.9999999999997, 159.9999999999999, "#b6e5ff", 7], [19.9999999999997, 159.9999999999999, 19.999999999999666, 139.9999999999999, "#b6e5ff", 7], [19.999999999999666, 139.9999999999999, -3.339550858072471e-13, 139.9999999999998, "#b6e5ff", 7], [-3.339550858072471e-13, 139.9999999999998, -3.731437833799624e-13, 159.9999999999998, "#b6e5ff", 7], [-3.731437833799624e-13, 159.9999999999998, -4.123324809526777e-13, 179.9999999999998, "#dfc741", 7], [-4.123324809526777e-13, 179.9999999999998, 19.999999999999588, 179.9999999999998, "#dfc741", 7], [19.999999999999588, 179.9999999999998, 19.99999999999956, 159.9999999999998, "#dfc741", 7], [19.99999999999956, 159.9999999999998, -4.405364961712621e-13, 159.99999999999972, "#dfc741", 7], [-4.405364961712621e-13, 159.99999999999972, -4.846237809405669e-13, 179.99999999999972, "#dfc741", 7], [-4.846237809405669e-13, 179.99999999999972, -5.287110657098716e-13, 199.99999999999972, "#9353dc", 7], [-5.287110657098716e-13, 199.99999999999972, 19.99999999999947, 199.99999999999972, "#9353dc", 7], [19.99999999999947, 199.99999999999972, 19.999999999999446, 179.99999999999972, "#9353dc", 7], [19.999999999999446, 179.99999999999972, -5.542233338928781e-13, 179.99999999999963, "#9353dc", 7], [-5.542233338928781e-13, 179.99999999999963, -6.032092058587723e-13, 199.99999999999963, "#9353dc", 7], [-6.032092058587723e-13, 199.99999999999963, 19.999999999999396, 199.9999999999998, "#060d9a", 7], [19.999999999999396, 199.9999999999998, 19.999999999999375, 179.9999999999998, "#060d9a", 7], [19.999999999999375, 179.9999999999998, -6.252776074688882e-13, 179.99999999999972, "#060d9a", 7], [-6.252776074688882e-13, 179.99999999999972, -5.370535194793517e-13, 199.99999999999972, "#060d9a", 7], [-5.370535194793517e-13, 199.99999999999972, 19.999999999999464, 199.99999999999974, "#060d9a", 7], [19.999999999999464, 199.99999999999974, 39.99999999999946, 199.99999999999977, "#5a48dd", 7], [39.99999999999946, 199.99999999999977, 39.99999999999959, 179.99999999999977, "#5a48dd", 7], [39.99999999999959, 179.99999999999977, 19.999999999999588, 179.99999999999983, "#5a48dd", 7], [19.999999999999588, 179.99999999999983, 19.999999999999527, 199.99999999999983, "#5a48dd", 7], [19.999999999999527, 199.99999999999983, 39.99999999999953, 200.0, "#5a48dd", 7], [39.99999999999953, 200.0, 59.99999999999953, 200.00000000000017, "#dad9ca", 7], [59.99999999999953, 200.00000000000017, 59.999999999999524, 180.00000000000017, "#dad9ca", 7], [59.999999999999524, 180.00000000000017, 39.999999999999524, 180.00000000000009, "#dad9ca", 7], [39.999999999999524, 180.00000000000009, 39.9999999999996, 200.00000000000009, "#dad9ca", 7], [39.9999999999996, 200.00000000000009, 59.9999999999996, 200.0000000000001, "#dad9ca", 7], [59.9999999999996, 200.0000000000001, 79.9999999999996, 200.00000000000014, "#8e396f", 7], [79.9999999999996, 200.00000000000014, 79.99999999999974, 180.00000000000014, "#8e396f", 7], [79.99999999999974, 180.00000000000014, 59.999999999999744, 180.00000000000017, "#8e396f", 7], [59.999999999999744, 180.00000000000017, 59.99999999999967, 200.00000000000017, "#8e396f", 7], [59.99999999999967, 200.00000000000017, 79.99999999999967, 200.00000000000006, "#8e396f", 7], [79.99999999999967, 200.00000000000006, 99.99999999999967, 199.99999999999994, "#5283f6", 7], [99.99999999999967, 199.99999999999994, 99.99999999999967, 179.99999999999994, "#5283f6", 7], [99.99999999999967, 179.99999999999994, 79.99999999999967, 179.99999999999983, "#5283f6", 7], [79.99999999999967, 179.99999999999983, 79.99999999999974, 199.99999999999983, "#5283f6", 7], [79.99999999999974, 199.99999999999983, 99.99999999999974, 199.99999999999986, "#5283f6", 7], [99.99999999999974, 199.99999999999986, 119.99999999999974, 199.9999999999999, "#2e3dca", 7], [119.99999999999974, 199.9999999999999, 119.99999999999989, 179.9999999999999, "#2e3dca", 7], [119.99999999999989, 179.9999999999999, 99.99999999999989, 179.99999999999991, "#2e3dca", 7], [99.99999999999989, 179.99999999999991, 99.9999999999998, 199.99999999999991, "#2e3dca", 7], [99.9999999999998, 199.99999999999991, 119.9999999999998, 199.99999999999983, "#2e3dca", 7], [119.9999999999998, 199.99999999999983, 139.9999999999998, 199.99999999999974, "#0984db", 7], [139.9999999999998, 199.99999999999974, 139.9999999999998, 179.99999999999974, "#0984db", 7], [139.9999999999998, 179.99999999999974, 119.9999999999998, 179.99999999999963, "#0984db", 7], [119.9999999999998, 179.99999999999963, 119.99999999999986, 199.99999999999963, "#0984db", 7], [119.99999999999986, 