{"lastx": 86.60254037844362, "pen": {"color": "#eb09c3", "width": 7}, "starty": 0, "lines": [[0, 0, 100.0, 6.123233995736766e-15, "#92aea6", 7], [100.0, 6.123233995736766e-15, 49.999999999999986, -86.60254037844386, "#92aea6", 7], [49.999999999999986, -86.60254037844386, -5.684341886080802e-14, -2.842170943040401e-14, "#92aea6", 7], [-5.684341886080802e-14, -2.842170943040401e-14, -2.010401488638742e-14, -100.00000000000003, "#26310d", 7], [-2.010401488638742e-14, -100.00000000000003, -86.60254037844393, -50.000000000000114, "#26310d", 7], [-86.60254037844393, -50.000000000000114, -5.684341886080802e-14, -1.2079226507921703e-13, "#26310d", 7], [-5.684341886080802e-14, -1.2079226507921703e-13, -100.00000000000006, -1.0512155092296418e-14, "#3ab713", 7], [-100.00000000000006, -1.0512155092296418e-14, -50.00000000000017, 86.60254037844392, "#3ab713", 7], [-50.00000000000017, 86.60254037844392, -1.4921397450962104e-13, 7.105427357601002e-14, "#3ab713", 7], [-1.4921397450962104e-13, 7.105427357601002e-14, -2.471857184414093e-13, 100.00000000000007, "#eb09c3", 7], [-2.471857184414093e-13, 100.00000000000007, 86.60254037844362, 50.00000000000006, "#eb09c3", 7], [86.60254037844362, 50.00000000000006, -3.126388037344441e-13, 1.6342482922482304e-13, "#eb09c3", 7]], "direction": 1890, "start-direction": 90, "type": "artist", "lasty": 50.00000000000006, "startx": 0, "y": 1.6342482922482304e-13, "x": -3.126388037344441e-13}