{"direction": 450, "x": -5.684341886080802e-14, "lines": [[0, 0, 100.0, 6.123233995736766e-15, "black", 7], [100.0, 6.123233995736766e-15, 49.999999999999986, -86.60254037844386, "black", 7], [49.999999999999986, -86.60254037844386, -5.684341886080802e-14, -2.842170943040401e-14, "black", 7]], "startx": 0, "type": "artist", "y": -2.842170943040401e-14, "pen": {"width": 7, "color": "black"}, "starty": 0, "lastx": 49.999999999999986, "start-direction": 90, "lasty": -86.60254037844386}