{"uid": "s1level62", "starty": 0, "start_direction": 90, "startx": 0, "type": "artist", "puzzle": [[0, 0, 100.0, 6.123233995736766e-15, "#c3a8d4", 7], [100.0, 6.123233995736766e-15, 100.00000000000001, -100.0, "#c3a8d4", 7], [100.00000000000001, -100.0, 1.4210854715202004e-14, -100.00000000000001, "#c3a8d4", 7], [1.4210854715202004e-14, -100.00000000000001, -1.028208126774506e-14, -1.4210854715202004e-14, "#c3a8d4", 7], [-1.028208126774506e-14, -1.4210854715202004e-14, 98.4807753012208, -17.364817766693, "#bfc2d5", 7], [98.4807753012208, -17.364817766693, 81.11595753452782, -115.84559306791382, "#bfc2d5", 7], [81.11595753452782, -115.84559306791382, -17.364817766692994, -98.48077530122086, "#bfc2d5", 7], [-17.364817766692994, -98.48077530122086, -2.842170943040401e-14, -4.263256414560601e-14, "#bfc2d5", 7], [-2.842170943040401e-14, -4.263256414560601e-14, 93.96926207859084, -34.202014332566826, "#4e4d16", 7], [93.96926207859084, -34.202014332566826, 59.76724774602407, -128.1712764111577, "#4e4d16", 7], [59.76724774602407, -128.1712764111577, -34.20201433256675, -93.96926207859076, "#4e4d16", 7], [-34.20201433256675, -93.96926207859076, 2.1316282072803006e-14, 1.1368683772161603e-13, "#4e4d16", 7], [2.1316282072803006e-14, 1.1368683772161603e-13, 86.60254037844388, -49.99999999999992, "#2bbf61", 7], [86.60254037844388, -49.99999999999992, 36.602540378444004, -136.60254037844385, "#2bbf61", 7], [36.602540378444004, -136.60254037844385, -49.999999999999844, -86.60254037844382, "#2bbf61", 7], [-49.999999999999844, -86.60254037844382, 1.4210854715202004e-14, 1.2789769243681803e-13, "#2bbf61", 7], [1.4210854715202004e-14, 1.2789769243681803e-13, 76.60444431189782, -64.2787609686538, "#49b802", 7], [76.60444431189782, -64.2787609686538, 12.325683343244037, -140.88320528055172, "#49b802", 7], [12.325683343244037, -140.88320528055172, -64.27876096865377, -76.60444431189781, "#49b802", 7], [-64.27876096865377, -76.60444431189781, 1.4210854715202004e-14, 1.2789769243681803e-13, "#49b802", 7], [1.4210854715202004e-14, 1.2789769243681803e-13, 64.27876096865427, -76.60444431189742, "#21d3ce", 7], [64.27876096865427, -76.60444431189742, -12.325683343243384, -140.88320528055152, "#21d3ce", 7], [-12.325683343243384, -140.88320528055152, -76.60444431189737, -64.27876096865377, "#21d3ce", 7], [-76.60444431189737, -64.27876096865377, 4.973799150320701e-13, 7.105427357601002e-14, "#21d3ce", 7], [4.973799150320701e-13, 7.105427357601002e-14, 50.00000000000058, -86.60254037844375, "#a378eb", 7], [50.00000000000058, -86.60254037844375, -36.60254037844332, -136.60254037844368, "#a378eb", 7], [-36.60254037844332, -136.60254037844368, -86.60254037844311, -49.9999999999997, "#a378eb", 7], [-86.60254037844311, -49.9999999999997, 6.110667527536862e-13, 5.542233338928781e-13, "#a378eb", 7], [6.110667527536862e-13, 5.542233338928781e-13, 34.20201433256728, -93.96926207859036, "#32807e", 7], [34.20201433256728, -93.96926207859036, -59.76724774602345, -128.17127641115755, "#32807e", 7], [-59.76724774602345, -128.17127641115755, -93.96926207859048, -34.20201433256676, "#32807e", 7], [-93.96926207859048, -34.20201433256676, 3.694822225952521e-13, 9.947598300641403e-14, "#32807e", 7], [3.694822225952521e-13, 9.947598300641403e-14, 17.364817766693587, -98.48077530122067, "#e17423", 7], [17.364817766693587, -98.48077530122067, -81.11595753452721, -115.84559306791373, "#e17423", 7], [-81.11595753452721, -115.84559306791373, -98.48077530122009, -17.364817766692894, "#e17423", 7], [-98.48077530122009, -17.364817766692894, 6.394884621840902e-13, 5.186961971048731e-13, "#e17423", 7], [6.394884621840902e-13, 5.186961971048731e-13, 5.168999861420372e-13, -99.99999999999949, "#8294c1", 7], [5.168999861420372e-13, -99.99999999999949, -99.99999999999949, -99.9999999999999, "#8294c1", 7], [-99.99999999999949, -99.9999999999999, -99.99999999999973, 9.947598300641403e-14, "#8294c1", 7], [-99.99999999999973, 9.947598300641403e-14, 2.7000623958883807e-13, 8.834356286516966e-13, "#8294c1", 7], [2.7000623958883807e-13, 8.834356286516966e-13, -17.36481776669249, -98.48077530121998, "#6fb4e1", 7], [-17.36481776669249, -98.48077530121998, -115.84559306791343, -81.11595753452775, "#6fb4e1", 7], [-115.84559306791343, -81.11595753452775, -98.48077530122032, 17.364817766693037, "#6fb4e1", 7], [-98.48077530122032, 17.364817766693037, 5.684341886080801e-13, 4.654054919228656e-13, "#6fb4e1", 7], [5.684341886080801e-13, 4.654054919228656e-13, -34.202014332566335, -93.96926207859036, "#691d78", 7], [-34.202014332566335, -93.96926207859036, -128.17127641115735, -59.76724774602396, "#691d78", 7], [-128.17127641115735, -59.76724774602396, -93.96926207859013, 34.20201433256674, "#691d78", 7], [-93.96926207859013, 34.20201433256674, 7.673861546209082e-13, 2.1316282072803006e-14, "#691d78", 7], [7.673861546209082e-13, 2.1316282072803006e-14, -49.99999999999953, -86.60254037844368, "#836870", 7], [-49.99999999999953, -86.60254037844368, -136.6025403784435, -36.60254037844385, "#836870", 7], [-136.6025403784435, -36.60254037844385, -86.60254037844415, 50.000000000000384, "#836870", 7], [-86.60254037844415, 50.000000000000384, -3.552713678800501e-13, 2.6290081223123707e-13, "#836870", 7], [-3.552713678800501e-13, 2.6290081223123707e-13, -64.2787609686537, -76.60444431189805, "#123c33", 7], [-64.2787609686537, -76.60444431189805, -140.88320528055144, -12.325683343244023, "#123c33", 7], [-140.88320528055144, -12.325683343244023, -76.60444431189784, 64.27876096865405, "#123c33", 7], [-76.60444431189784, 64.27876096865405, -3.268496584496461e-13, -2.2737367544323206e-13, "#123c33", 7], [-3.268496584496461e-13, -2.2737367544323206e-13, -76.60444431189784, -64.27876096865451, "#f0f2a2", 7], [-76.60444431189784, -64.27876096865451, -140.88320528055144, 12.325683343243568, "#f0f2a2", 7], [-140.88320528055144, 12.325683343243568, -64.2787609686537, 76.6044443118976, "#f0f2a2", 7], [-64.2787609686537, 76.6044443118976, 7.389644451905042e-13, 2.1316282072803006e-13, "#f0f2a2", 7], [7.389644451905042e-13, 2.1316282072803006e-13, -86.60254037844305, -49.99999999999991, "#9aa899", 7], [-86.60254037844305, -49.99999999999991, -136.60254037844365, 36.602540378443614, "#9aa899", 7], [-136.60254037844365, 36.602540378443614, -49.99999999999969, 86.60254037844345, "#9aa899", 7], [-49.99999999999969, 86.60254037844345, 6.110667527536862e-13, -2.4158453015843406e-13, "#9aa899", 7], [6.110667527536862e-13, -2.4158453015843406e-13, -93.96926207859029, -34.20201433256696, "#f71fab", 7], [-93.96926207859029, -34.20201433256696, -128.17127641115752, 59.76724774602374, "#f71fab", 7], [-128.17127641115752, 59.76724774602374, -34.202014332566506, 93.96926207859013, "#f71fab", 7], [-34.202014332566506, 93.96926207859013, 3.979039320256561e-13, -6.963318810448982e-13, "#f71fab", 7], [3.979039320256561e-13, -6.963318810448982e-13, -98.48077530122049, -17.364817766693267, "#ab0560", 7], [-98.48077530122049, -17.364817766693267, -115.8455930679136, 81.11595753452752, "#ab0560", 7], [-115.8455930679136, 81.11595753452752, -17.364817766692894, 98.48077530122116, "#ab0560", 7], [-17.364817766692894, 98.48077530122116, -1.3500311979441904e-13, 2.984279490192421e-13, "#ab0560", 7], [-1.3500311979441904e-13, 2.984279490192421e-13, -100.00000000000014, -3.3845028460104043e-13, "#da67d3", 7], [-100.00000000000014, -3.3845028460104043e-13, -99.9999999999999, 99.99999999999966, "#da67d3", 7], [-99.9999999999999, 99.99999999999966, 9.947598300641403e-14, 99.99999999999996, "#da67d3", 7], [9.947598300641403e-14, 99.99999999999996, 9.32359602553932e-13, -4.263256414560601e-14, "#da67d3", 7], [9.32359602553932e-13, -4.263256414560601e-14, -98.48077530121992, 17.36481776669267, "#93647d", 7], [-98.48077530121992, 17.36481776669267, -81.11595753452774, 115.84559306791363, "#93647d", 7], [-81.11595753452774, 115.84559306791363, 17.364817766693065, 98.48077530122058, "#93647d", 7], [17.364817766693065, 98.48077530122058, -8.526512829121202e-13, -7.105427357601002e-14, 