{"type": "artist", "startx": 0, "puzzle": [[0, 0, 50.0, 3.061616997868383e-15, "green", 7], [50.0, 3.061616997868383e-15, 50.00000000000001, -50.0, "green", 7], [50.00000000000001, -50.0, 7.105427357601002e-15, -50.00000000000001, "green", 7], [7.105427357601002e-15, -50.00000000000001, -5.14104063387253e-15, -7.105427357601002e-15, "green", 7], [-5.14104063387253e-15, -7.105427357601002e-15, 59.99999999999999, 1.1264274629609296e-14, "green", 7], [59.99999999999999, 1.1264274629609296e-14, 60.000000000000014, -59.999999999999986, "green", 7], [60.000000000000014, -59.999999999999986, 1.4210854715202004e-14, -60.000000000000014, "green", 7], [1.4210854715202004e-14, -60.000000000000014, -1.5180668464334476e-14, -1.4210854715202004e-14, "green", 7], [-1.5180668464334476e-14, -1.4210854715202004e-14, 69.99999999999999, 2.4365519457939625e-14, "green", 7], [69.99999999999999, 2.4365519457939625e-14, 70.00000000000003, -69.99999999999997, "green", 7], [70.00000000000003, -69.99999999999997, 2.842170943040401e-14, -69.9999999999999, "green", 7], [2.842170943040401e-14, -69.9999999999999, -2.3013456133784824e-14, 9.947598300641403e-14, "green", 7], [-2.3013456133784824e-14, 9.947598300641403e-14, 79.99999999999997, 2.1049069410056367e-14, "green", 7], [79.99999999999997, 2.1049069410056367e-14, 80.00000000000004, -79.99999999999999, "green", 7], [80.00000000000004, -79.99999999999999, 4.263256414560601e-14, -79.99999999999991, "green", 7], [4.263256414560601e-14, -79.99999999999991, -3.57448309998246e-14, 8.526512829121202e-14, "green", 7]], "uid": "s1level63", "start_direction": 90, "starty": 0}