{"uid": "s1level61", "startx": 0, "start_direction": 90, "starty": 0, "puzzle": [[0, 0, 100.0, 6.123233995736766e-15, "#52f495", 7], [100.0, 6.123233995736766e-15, 100.00000000000001, -100.0, "#52f495", 7], [100.00000000000001, -100.0, 1.4210854715202004e-14, -100.00000000000001, "#52f495", 7], [1.4210854715202004e-14, -100.00000000000001, -1.028208126774506e-14, -1.4210854715202004e-14, "#52f495", 7], [-1.028208126774506e-14, -1.4210854715202004e-14, -49.99999999999992, -86.60254037844393, "#124916", 7], [-49.99999999999992, -86.60254037844393, -136.60254037844385, -36.60254037844402, "#124916", 7], [-136.60254037844385, -36.60254037844402, -86.60254037844393, 49.9999999999999, "#124916", 7], [-86.60254037844393, 49.9999999999999, -9.947598300641403e-14, -1.5631940186722204e-13, "#124916", 7], [-9.947598300641403e-14, -1.5631940186722204e-13, -50.000000000000114, 86.6025403784437, "#525526", 7], [-50.000000000000114, 86.6025403784437, 36.60254037844366, 136.60254037844388, "#525526", 7], [36.60254037844366, 136.60254037844388, 86.60254037844368, 50.00000000000003, "#525526", 7], [86.60254037844368, 50.00000000000003, -8.526512829121202e-14, -1.4921397450962104e-13, "#525526", 7]], "type": "artist"}