{"start_direction": 90, "starty": 0, "startx": 0, "puzzle": [[0, 0, 50.0, 3.061616997868383e-15, "red", 7], [50.0, 3.061616997868383e-15, 50.00000000000001, -50.0, "red", 7], [50.00000000000001, -50.0, 7.105427357601002e-15, -50.00000000000001, "red", 7], [7.105427357601002e-15, -50.00000000000001, -5.14104063387253e-15, -7.105427357601002e-15, "red", 7]], "uid": "s1level60", "type": "artist"}