{"uid": "s1level65", "type": "artist", "startx": 0, "puzzle": [[0, 0, 25.0, 1.5308084989341915e-15, "green", 7], [25.0, 1.5308084989341915e-15, 25.000000000000004, -30.0, "green", 7], [25.000000000000004, -30.0, -14.999999999999996, -30.000000000000007, "green", 7], [-14.999999999999996, -30.000000000000007, -15.000000000000007, 14.999999999999993, "green", 7], [-15.000000000000007, 14.999999999999993, 34.99999999999999, 15.000000000000009, "green", 7], [34.99999999999999, 15.000000000000009, 35.000000000000014, -39.99999999999999, "green", 7], [35.000000000000014, -39.99999999999999, -24.999999999999986, -40.00000000000002, "green", 7], [-24.999999999999986, -40.00000000000002, -25.00000000000002, 29.99999999999998, "green", 7]], "starty": 0, "start_direction": 90}