{"lasty": -100.00000000000001, "type": "artist", "start-direction": 90, "startx": 0, "pen": {"width": 7, "color": "black"}, "direction": 450, "x": -1.028208126774506e-14, "starty": 0, "y": -1.4210854715202004e-14, "puzzle": [[0, 0, 100.0, 6.123233995736766e-15, "black", 7], [100.0, 6.123233995736766e-15, 100.00000000000001, -100.0, "black", 7], [100.00000000000001, -100.0, 1.4210854715202004e-14, -100.00000000000001, "black", 7], [1.4210854715202004e-14, -100.00000000000001, -1.028208126774506e-14, -1.4210854715202004e-14, "black", 7]], "lastx": 1.4210854715202004e-14}