{
   "type" : "artist",
   "puzzle" : [
      [
         0,
         0,
         50,
         3.06161699786838e-15,
         "green",
         7
      ],
      [
         50,
         3.06161699786838e-15,
         50,
         -50,
         "green",
         7
      ],
      [
         50,
         -50,
         7.105427357601e-15,
         -50,
         "green",
         7
      ],
      [
         7.105427357601e-15,
         -50,
         -5.14104063387253e-15,
         -7.105427357601e-15,
         "green",
         7
      ],
      [
         -5.14104063387253e-15,
         -7.105427357601e-15,
         60,
         1.12642746296093e-14,
         "green",
         7
      ],
      [
         60,
         1.12642746296093e-14,
         60,
         -60,
         "green",
         7
      ],
      [
         60,
         -60,
         1.4210854715202e-14,
         -60,
         "green",
         7
      ],
      [
         1.4210854715202e-14,
         -60,
         -1.51806684643345e-14,
         -1.4210854715202e-14,
         "green",
         7
      ],
      [
         -1.51806684643345e-14,
         -1.4210854715202e-14,
         70,
         2.43655194579396e-14,
         "green",
         7
      ],
      [
         70,
         2.43655194579396e-14,
         70,
         -70,
         "green",
         7
      ],
      [
         70,
         -70,
         2.8421709430404e-14,
         -69.9999999999999,
         "green",
         7
      ],
      [
         2.8421709430404e-14,
         -69.9999999999999,
         -2.30134561337848e-14,
         9.9475983006414e-14,
         "green",
         7
      ],
      [
         -2.30134561337848e-14,
         9.9475983006414e-14,
         80,
         2.10490694100564e-14,
         "green",
         7
      ],
      [
         80,
         2.10490694100564e-14,
         80,
         -80,
         "green",
         7
      ],
      [
         80,
         -80,
         4.2632564145606e-14,
         -79.9999999999999,
         "green",
         7
      ],
      [
         4.2632564145606e-14,
         -79.9999999999999,
         -3.57448309998246e-14,
         8.5265128291212e-14,
         "green",
         7
      ]
   ],
   "starty" : 0,
   "uid" : "s1level64",
   "start_direction" : 90,
   "startx" : 0
}
